date,states,positive,negative,pending,hospitalizedCurrently,hospitalizedCumulative,inIcuCurrently,inIcuCumulative,onVentilatorCurrently,onVentilatorCumulative,recovered,dateChecked,death,hospitalized,lastModified,total,totalTestResults,posNeg,deathIncrease,hospitalizedIncrease,negativeIncrease,positiveIncrease,totalTestResultsIncrease,hash
20200913,56,6487751,80332199,10467.0,29816.0,386655.0,6235.0,18692.0,1561.0,2056.0,2451406.0,2020-09-13T00:00:00Z,186162.0,386655.0,2020-09-13T00:00:00Z,86830417,86819950,86819950,532,617,695167,38543,733710,c49fa6e03fd0751ceb48ef3881230d71623b1230
20200912,56,6449208,79637032,10403.0,30689.0,386038.0,6478.0,18648.0,1610.0,2051.0,2434658.0,2020-09-12T00:00:00Z,185630.0,386038.0,2020-09-12T00:00:00Z,86096643,86086240,86086240,663,1027,726387,37295,763682,1c48f1e0af4dc85463dd087fb2d1cfc4b52ed7dc
20200911,56,6411913,78910645,10813.0,31421.0,385011.0,6379.0,18549.0,1715.0,2031.0,2417878.0,2020-09-11T00:00:00Z,184967.0,385011.0,2020-09-11T00:00:00Z,85333371,85322558,85322558,1018,1553,721070,44927,765997,97633c7d65f2da5689dc71eecc4eda234aa70e51
20200910,56,6366986,78189575,10530.0,32419.0,383458.0,6524.0,18453.0,1925.0,2008.0,2403511.0,2020-09-10T00:00:00Z,183949.0,383458.0,2020-09-10T00:00:00Z,84567091,84556561,84556561,1170,1532,576461,37581,614042,9f5d388dd55ac90f6f8e7b31cbd43b419b7469b5
20200909,56,6329405,77613114,6551.0,32562.0,381926.0,6646.0,18322.0,1903.0,1994.0,2387479.0,2020-09-09T00:00:00Z,182779.0,381926.0,2020-09-09T00:00:00Z,83949070,83942519,83942519,1089,2060,553429,30983,584412,e5c534217742be6f09560d25616f96c0d1915b4c
20200908,56,6298422,77059685,8983.0,32263.0,379866.0,6542.0,18189.0,1879.0,1975.0,2359111.0,2020-09-08T00:00:00Z,181690.0,379866.0,2020-09-08T00:00:00Z,83367090,83358107,83358107,358,959,486487,22223,508710,c43bc49c6f42a78c85c704d97acdf1044d89bc3b
20200907,56,6276199,76573198,8986.0,31999.0,378907.0,6630.0,18156.0,1879.0,1967.0,2333583.0,2020-09-07T00:00:00Z,181332.0,378907.0,2020-09-07T00:00:00Z,82858383,82849397,82849397,225,492,559616,28682,588298,51f654802624bb55eeed0c26e2b4515660ddc977
20200906,56,6247517,76013582,8946.0,32361.0,378415.0,6699.0,18125.0,1912.0,1960.0,2316020.0,2020-09-06T00:00:00Z,181107.0,378415.0,2020-09-06T00:00:00Z,82270045,82261099,82261099,449,489,702709,33117,735826,2b37b7629bd6d06ff59b73ee91322a2bae6f40fa
20200905,56,6214400,75310873,9021.0,33502.0,377926.0,6766.0,18089.0,1956.0,1956.0,2302203.0,2020-09-05T00:00:00Z,180658.0,377926.0,2020-09-05T00:00:00Z,81534294,81525273,81525273,918,1287,761056,44905,805961,faf4acbb02e71c38879a6a3e691f870f277f81e1
20200904,56,6169495,74549817,10118.0,34099.0,376639.0,6924.0,18012.0,1995.0,1943.0,2283454.0,2020-09-04T00:00:00Z,179740.0,376639.0,2020-09-04T00:00:00Z,80729430,80719312,80719312,998,1239,850612,51591,902203,0b3c3e55b143f7e1e6c237a2b15b360c02d2bb8f
20200903,56,6117904,73699205,9987.0,34676.0,375400.0,6908.0,17894.0,2042.0,1928.0,2266957.0,2020-09-03T00:00:00Z,178742.0,375400.0,2020-09-03T00:00:00Z,79827096,79817109,79817109,1070,1536,679230,44714,723944,1fdf6d4ecb35ab7bde872a7b2c8d7884650f4f1e
20200902,56,6073190,73019975,9293.0,35569.0,373864.0,7087.0,17784.0,2024.0,1918.0,2231757.0,2020-09-02T00:00:00Z,177672.0,373864.0,2020-09-02T00:00:00Z,79102458,79093165,79093165,1032,1647,614433,30603,645036,fa40af3caf61343e440221b214033dd33e993825
20200901,56,6042587,72405542,6647.0,35271.0,372217.0,7090.0,17655.0,2042.0,1902.0,2202682.0,2020-09-01T00:00:00Z,176640.0,372217.0,2020-09-01T00:00:00Z,78454776,78448129,78448129,1027,1837,656103,42433,698536,d4057e2ae4796422582d593fa37e728c2d998101
20200831,56,6000154,71749439,11128.0,35349.0,370380.0,7051.0,17537.0,2077.0,1877.0,2184825.0,2020-08-31T00:00:00Z,175613.0,370380.0,2020-08-31T00:00:00Z,77760721,77749593,77749593,366,816,648999,31406,680405,fdd525d01dc887088afc9a7b78e6f8d70fb50ad1
20200830,56,5968748,71100440,11148.0,35726.0,369564.0,7268.0,17439.0,2055.0,1870.0,2153963.0,2020-08-30T00:00:00Z,175247.0,369564.0,2020-08-30T00:00:00Z,77080336,77069188,77069188,475,680,700008,39501,739509,31d8d94e5e89432259e7949d6bc1e87f233a30ae
20200829,56,5929247,70400432,11151.0,36469.0,368884.0,7426.0,17401.0,2062.0,1864.0,2140631.0,2020-08-29T00:00:00Z,174772.0,368884.0,2020-08-29T00:00:00Z,76340830,76329679,76329679,1015,1296,719736,44501,764237,2c4619d9dbb291d599c5bca0c0769a6b354be473
20200828,56,5884746,69680696,10428.0,37239.0,367588.0,7558.0,17304.0,2086.0,1856.0,2118367.0,2020-08-28T00:00:00Z,173757.0,367588.0,2020-08-28T00:00:00Z,75575870,75565442,75565442,1023,1595,725710,46548,772258,d8e18f564d03be1562449665fbab510a9e705f02
20200827,56,5838198,68954986,11168.0,37464.0,365993.0,7717.0,17181.0,2125.0,1831.0,2101326.0,2020-08-27T00:00:00Z,172734.0,365993.0,2020-08-27T00:00:00Z,74804352,74793184,74793184,1129,1668,698076,43984,742060,b4dac7b4880464e1e1c72ae676be8981b3562400
20200826,56,5794214,68256910,4081.0,38411.0,364325.0,7763.0,17046.0,2142.0,1809.0,2084465.0,2020-08-26T00:00:00Z,171605.0,364325.0,2020-08-26T00:00:00Z,74055205,74051124,74051124,1298,1873,631672,44053,675725,d65bf6ac8b7ccca45a9800a74a10bbca7824740b
20200825,56,5750161,67625238,4091.0,38762.0,362452.0,7851.0,16920.0,2163.0,1789.0,2053699.0,2020-08-25T00:00:00Z,170307.0,362452.0,2020-08-25T00:00:00Z,73379490,73375399,73375399,1147,1999,597782,36379,634161,48eb7e269f6a9e8ff120ccef5f4e1c8186421d9f
20200824,56,5713782,67027456,4143.0,38657.0,360453.0,7836.0,16787.0,2118.0,1764.0,2020774.0,2020-08-24T00:00:00Z,169160.0,360453.0,2020-08-24T00:00:00Z,72745381,72741238,72741238,343,1049,648010,34643,682653,467f6f3979f2b9533c7e2a21c236643ad13fc908
20200823,56,5679139,66379446,4149.0,39029.0,359404.0,7951.0,16697.0,2131.0,1737.0,1997782.0,2020-08-23T00:00:00Z,168817.0,359404.0,2020-08-23T00:00:00Z,72062734,72058585,72058585,572,774,577947,37566,615513,3cf8fd77008ec1465bd82708a95ee18f3115a3df
20200822,56,5641573,65801499,4154.0,39911.0,358630.0,8218.0,16657.0,2204.0,1736.0,1985493.0,2020-08-22T00:00:00Z,168245.0,358630.0,2020-08-22T00:00:00Z,71447226,71443072,71443072,1029,1537,710293,46236,756529,cc0412814836c8f1230ce67913b9d8282ad2b266
20200821,56,5595337,65091206,4199.0,40951.0,357093.0,8357.0,16563.0,2286.0,1730.0,1965056.0,2020-08-21T00:00:00Z,167216.0,357093.0,2020-08-21T00:00:00Z,70690742,70686543,70686543,1123,1817,697054,46561,743615,f3b52fc379a212a22f79b57b11b40ae42efa2fee
20200820,56,5548776,64394152,4170.0,41988.0,355276.0,8483.0,16487.0,2335.0,1716.0,1946866.0,2020-08-20T00:00:00Z,166093.0,355276.0,2020-08-20T00:00:00Z,69947098,69942928,69942928,1134,2010,634078,43758,677836,839613c0c3147e6d5a64150d0bae44a6e9ab97ff
20200819,56,5505018,63760074,4374.0,43330.0,353266.0,8744.0,16377.0,2371.0,1705.0,1924875.0,2020-08-19T00:00:00Z,164959.0,353266.0,2020-08-19T00:00:00Z,69269466,69265092,69265092,1420,2032,644823,44955,689778,e1d29bfd462d5ff5ab8f24fdaf2152e99b2759bc
20200818,56,5460063,63115251,4412.0,43747.0,351234.0,8866.0,16123.0,2468.0,1695.0,1889170.0,2020-08-18T00:00:00Z,163539.0,351234.0,2020-08-18T00:00:00Z,68579726,68575314,68575314,1196,2273,616859,40795,657654,99f2d6421127e8f2eda1312f0705d8c0ff84f5a0
20200817,56,5419268,62498392,4298.0,43485.0,348961.0,8871.0,15985.0,2447.0,1678.0,1865580.0,2020-08-17T00:00:00Z,162343.0,348961.0,2020-08-17T00:00:00Z,67921958,67917660,67917660,407,1267,625846,37880,663726,950e614bb35ddea7d5474ab0da73a31aeeb82ef4
20200816,56,5381388,61872546,4302.0,44028.0,347694.0,8947.0,15924.0,2481.0,1665.0,1833096.0,2020-08-16T00:00:00Z,161936.0,347694.0,2020-08-16T00:00:00Z,67258236,67253934,67253934,619,649,740599,42487,783086,9c8ee411f64413694af0500c86b52e443ef24026
20200815,56,5338901,61131947,4452.0,44794.0,347045.0,9101.0,15891.0,2526.0,1663.0,1818546.0,2020-08-15T00:00:00Z,161317.0,347045.0,2020-08-15T00:00:00Z,66475300,66470848,66470848,1219,2031,693310,56149,749459,438ba2e679bcde794cfcf81347f71e030aed315b
20200814,56,5282752,60438637,4415.0,45776.0,345014.0,9277.0,15764.0,2549.0,1665.0,1796326.0,2020-08-14T00:00:00Z,160098.0,345014.0,2020-08-14T00:00:00Z,65725804,65721389,65721389,1216,2212,798904,55636,854540,8997f19194ece1ae759c3cd71f5274ecc5b73b11
20200813,56,5227116,59639733,4239.0,47228.0,342802.0,9489.0,15629.0,2579.0,1649.0,1774648.0,2020-08-13T00:00:00Z,158882.0,342802.0,2020-08-13T00:00:00Z,64871088,64866849,64866849,1163,2685,843535,51759,895294,b01459384df52296b6fb8a5621283b6e8e84941a
20200812,56,5175357,58796198,4174.0,47968.0,340117.0,9553.0,15524.0,2604.0,1629.0,1755225.0,2020-08-12T00:00:00Z,157719.0,340117.0,2020-08-12T00:00:00Z,63975729,63971555,63971555,1517,3055,439024,56134,495158,7ccad886fe01cb06857b3f3a4194fb25bc45797f
20200811,56,5119223,58357174,4118.0,48498.0,337062.0,9136.0,15331.0,2415.0,1612.0,1714960.0,2020-08-11T00:00:00Z,156202.0,337062.0,2020-08-11T00:00:00Z,63480515,63476397,63476397,1326,2715,698757,55701,754458,b9e2da6bb6f529ef16f50f3554c9b0c74efd60ce
20200810,56,5063522,57658417,3966.0,48635.0,334347.0,9216.0,15158.0,2533.0,1592.0,1670755.0,2020-08-10T00:00:00Z,154876.0,334347.0,2020-08-10T00:00:00Z,62725905,62721939,62721939,426,1654,693402,42089,735491,e624112ff7b43604709ce006905c078a58ac906f
20200809,56,5021433,56965015,3871.0,48902.0,332693.0,9303.0,15081.0,2507.0,1578.0,1656888.0,2020-08-09T00:00:00Z,154450.0,332693.0,2020-08-09T00:00:00Z,61990319,61986448,61986448,616,855,666939,50627,717566,7843b033e8b4463fba63a02a3a93fde9a33a367c
20200808,56,4970806,56298076,3888.0,49884.0,331838.0,9654.0,15024.0,2566.0,1561.0,1643137.0,2020-08-08T00:00:00Z,153834.0,331838.0,2020-08-08T00:00:00Z,61272770,61268882,61268882,1089,1414,621980,53712,675692,b959a436cd1a53e2f830ee42037e0938baa79e61
20200807,56,4917094,55676096,3988.0,51153.0,330424.0,9671.0,14925.0,2617.0,1549.0,1623870.0,2020-08-07T00:00:00Z,152745.0,330424.0,2020-08-07T00:00:00Z,60597178,60593190,60593190,1333,8036,715719,61345,777064,ee0fac229516b5f92dc5d9b0abb2010bab9121f0
20200806,56,4855749,54960377,3903.0,53053.0,322388.0,9977.0,14810.0,2718.0,1534.0,1598624.0,2020-08-06T00:00:00Z,151412.0,322388.0,2020-08-06T00:00:00Z,59820029,59816126,59816126,1251,2682,691399,54187,745586,fa0642a1ae5919c8058fe4aaadd63d662c1f85c9
20200805,56,4801562,54268978,3842.0,53281.0,319706.0,9970.0,14687.0,2719.0,1524.0,1577851.0,2020-08-05T00:00:00Z,150161.0,319706.0,2020-08-05T00:00:00Z,59074382,59070540,59070540,1346,2269,643615,52324,695939,2a5867bc5582051381316dad92aa2c8f7d0a4085
20200804,56,4749238,53625363,3789.0,53293.0,317437.0,10208.0,14537.0,2701.0,1493.0,1528979.0,2020-08-04T00:00:00Z,148815.0,317437.0,2020-08-04T00:00:00Z,58378390,58374601,58374601,1255,4490,659553,51866,711419,2e81c48fc0caaa68f45646efdc3b7e62fca48aa7
20200803,56,4697372,52965810,3662.0,53326.0,312947.0,10216.0,14370.0,2659.0,1463.0,1513446.0,2020-08-03T00:00:00Z,147560.0,312947.0,2020-08-03T00:00:00Z,57666844,57663182,57663182,519,1724,692703,49713,742416,ca6a287ce9af100a3d8342d870cc359df35e840c
20200802,56,4647659,52273107,3888.0,53931.0,311223.0,10405.0,14288.0,2645.0,1448.0,1468689.0,2020-08-02T00:00:00Z,147041.0,311223.0,2020-08-02T00:00:00Z,56924654,56920766,56920766,498,817,643326,46812,690138,167e8af6a1eca9131a95c9e23708e3db25fe8427
20200801,56,4600847,51629781,3975.0,54412.0,310406.0,10428.0,14227.0,2698.0,1445.0,1461885.0,2020-08-01T00:00:00Z,146543.0,310406.0,2020-08-01T00:00:00Z,56234603,56230628,56230628,1190,2318,673904,61101,735005,fb38f437816134d9d039b662797af9de5bb9adaa
20200731,56,4539746,50955877,3956.0,55540.0,308088.0,10472.0,14044.0,2703.0,1437.0,1438160.0,2020-07-31T00:00:00Z,145353.0,308088.0,2020-07-31T00:00:00Z,55499579,55495623,55495623,1312,2627,657827,67623,725450,60cbf5fdacc788e3e211f97c2295dff178f077af
20200730,56,4472123,50298050,3947.0,56381.0,305461.0,10513.0,13875.0,2760.0,1415.0,1413957.0,2020-07-30T00:00:00Z,144041.0,305461.0,2020-07-30T00:00:00Z,54774120,54770173,54770173,1259,3383,737950,69418,807368,4e88430a05946ea05390cfad75a37be5f4ba9ae9
20200729,56,4402705,49560100,3840.0,57339.0,302078.0,10539.0,13744.0,2772.0,1400.0,1390568.0,2020-07-29T00:00:00Z,142782.0,302078.0,2020-07-29T00:00:00Z,53966645,53962805,53962805,1492,2934,789712,66963,856675,d3bce0be0d12c57de835c8a8900b5856c46686de
20200728,56,4335742,48770388,3600.0,57091.0,299144.0,10463.0,13559.0,2752.0,1372.0,1355363.0,2020-07-28T00:00:00Z,141290.0,299144.0,2020-07-28T00:00:00Z,53109730,53106130,53106130,1122,4672,681181,56448,737629,8cd51c0113cf6485ac21bc34eb8fe33bcdfbc1b6
20200727,56,4279294,48089207,3398.0,58897.0,294472.0,10328.0,13412.0,2720.0,1356.0,1325804.0,2020-07-27T00:00:00Z,140168.0,294472.0,2020-07-27T00:00:00Z,52371899,52368501,52368501,1060,1690,707142,55332,762474,fc7654a5ecdd98af9b3bf3cb13de84abc3bf0b5d
20200726,56,4223962,47382065,3361.0,58621.0,292782.0,10353.0,13343.0,2723.0,1336.0,1297863.0,2020-07-26T00:00:00Z,139108.0,292782.0,2020-07-26T00:00:00Z,51609388,51606027,51606027,559,1435,780054,61000,841054,3f58d718981bc9bdb830421924c4e87fe165f68b
20200725,56,4162962,46602011,3377.0,59301.0,291347.0,10380.0,13279.0,2729.0,1300.0,1279414.0,2020-07-25T00:00:00Z,138549.0,291347.0,2020-07-25T00:00:00Z,50768350,50764973,50764973,1023,1977,715969,64741,780710,471f3c74f1d0d36d7e3f81cee05f0f52d25dc272
20200724,56,4098221,45886042,3409.0,59682.0,289370.0,10395.0,13182.0,2711.0,1297.0,1261624.0,2020-07-24T00:00:00Z,137526.0,289370.0,2020-07-24T00:00:00Z,49987672,49984263,49984263,1176,3032,851205,75236,926441,a3528defd3b020d6b1975e035c10a4b8bd51f7c1
20200723,56,4022985,45034837,3179.0,59718.0,286338.0,10414.0,12933.0,2465.0,1280.0,1233269.0,2020-07-23T00:00:00Z,136350.0,286338.0,2020-07-23T00:00:00Z,49061001,49057822,49057822,1056,2509,769521,71552,841073,6291d08f190652048764cb08e5e1e00201da8bd2
20200722,56,3951433,44265316,3051.0,59596.0,283829.0,10457.0,12790.0,2440.0,1258.0,1210849.0,2020-07-22T00:00:00Z,135294.0,283829.0,2020-07-22T00:00:00Z,48219800,48216749,48216749,1171,2248,727105,69333,796438,cb44c4378ea2f1ee2d66b28148de9494b1b274fd
20200721,56,3882100,43538211,3197.0,59364.0,281581.0,6711.0,12629.0,2414.0,1242.0,1182931.0,2020-07-21T00:00:00Z,134123.0,281581.0,2020-07-21T00:00:00Z,47423508,47420311,47420311,1039,2551,686361,63930,750291,56d789c82880688fc2204edca7baa248bb842796
20200720,56,3818170,42851850,3003.0,58371.0,279030.0,6558.0,12475.0,2403.0,1223.0,1160087.0,2020-07-20T00:00:00Z,133084.0,279030.0,2020-07-20T00:00:00Z,46673023,46670020,46670020,363,1647,654148,57041,711189,235f7f364d6a888f4779701b65dbabc24c3f4a6d
20200719,56,3761129,42197702,3052.0,57885.0,277383.0,6384.0,12393.0,2362.0,1216.0,1131171.0,2020-07-19T00:00:00Z,132721.0,277383.0,2020-07-19T00:00:00Z,45961883,45958831,45958831,527,944,715331,64260,779591,00e7da687b55c137c7127b4e704a7bffe50a7761
20200718,56,3696869,41482371,3032.0,57645.0,276439.0,6396.0,12342.0,2343.0,1211.0,1122720.0,2020-07-18T00:00:00Z,132194.0,276439.0,2020-07-18T00:00:00Z,45182272,45179240,45179240,872,2003,691886,64951,756837,7bd3fe3321d2fe3e25f7a8e43de0c811e1be3820
20200717,56,3631918,40790485,3002.0,57761.0,274436.0,6453.0,12243.0,2353.0,1200.0,1106844.0,2020-07-17T00:00:00Z,131322.0,274436.0,2020-07-17T00:00:00Z,44425405,44422403,44422403,951,2678,757657,76842,834499,d9239394b561468c416478970e59025ad556c6fd
20200716,56,3555076,40032828,2929.0,57442.0,271758.0,6359.0,12091.0,2317.0,1175.0,1090645.0,2020-07-16T00:00:00Z,130371.0,271758.0,2020-07-16T00:00:00Z,43590833,43587904,43587904,947,2215,756287,71036,827323,96eea55aa55043be885c33b6bcde57964a6522c2
20200715,56,3484040,39276541,2947.0,56144.0,269543.0,6317.0,12002.0,2317.0,1166.0,1075882.0,2020-07-15T00:00:00Z,129424.0,269543.0,2020-07-15T00:00:00Z,42763528,42760581,42760581,858,2416,703090,65797,768887,fae055a9cec2ef52891ead29c292501257c6ef37
20200714,56,3418243,38573451,960.0,55565.0,267127.0,6235.0,11857.0,2263.0,1154.0,1049098.0,2020-07-14T00:00:00Z,128566.0,267127.0,2020-07-14T00:00:00Z,41992654,41991694,41991694,736,2262,702900,62729,765629,b596d083cac1396bea227b8bc19c607fd0769c4b
20200713,56,3355514,37870551,2610.0,53988.0,264865.0,6074.0,11749.0,2259.0,1142.0,1031939.0,2020-07-13T00:00:00Z,127830.0,264865.0,2020-07-13T00:00:00Z,41228675,41226065,41226065,327,1214,636500,58091,694591,cfe151573e17d41dfa91b8eb89bcc83577182cd8
20200712,56,3297423,37234051,2639.0,52727.0,263651.0,5930.0,11679.0,2182.0,1136.0,1006326.0,2020-07-12T00:00:00Z,127503.0,263651.0,2020-07-12T00:00:00Z,40534113,40531474,40531474,476,939,702394,61312,763706,692f1ea398e081c6513840caf942a7c67c144d9a
20200711,56,3236111,36531657,2618.0,51859.0,262712.0,5939.0,11612.0,2169.0,1128.0,995576.0,2020-07-11T00:00:00Z,127027.0,262712.0,2020-07-11T00:00:00Z,39770386,39767768,39767768,757,5141,637755,62895,700650,02af56fcabe461e2000b5fae05e4cd0f9a97f659
20200710,56,3173216,35893902,2493.0,51595.0,257571.0,5896.0,11523.0,2197.0,1118.0,983185.0,2020-07-10T00:00:00Z,126270.0,257571.0,2020-07-10T00:00:00Z,39069611,39067118,39067118,854,2318,742929,66846,809775,63379105c335642987d0671b129e8a91ea53547b
20200709,56,3106370,35150973,2530.0,43934.0,255253.0,5845.0,11370.0,2127.0,1138.0,969111.0,2020-07-09T00:00:00Z,125416.0,255253.0,2020-07-09T00:00:00Z,38259873,38257343,38257343,867,1719,646844,59157,706001,0aed7f7a40f0567e1a07adfbd4939c657850d7d7
20200708,56,3047213,34504129,2360.0,43078.0,253534.0,5874.0,11303.0,2172.0,1103.0,953420.0,2020-07-08T00:00:00Z,124549.0,253534.0,2020-07-08T00:00:00Z,37553702,37551342,37551342,807,2035,575559,62672,638231,afa4a06a54d362f6d5dbb1c792ea449ba98f1ade
20200707,56,2984541,33928570,2136.0,41760.0,251499.0,5832.0,11177.0,2098.0,1084.0,936476.0,2020-07-07T00:00:00Z,123742.0,251499.0,2020-07-07T00:00:00Z,36915247,36913111,36913111,923,1960,584171,51728,635899,c405972b5ce2a0fabb9e788e6eb6dadce216a3ac
20200706,56,2932813,33344399,1907.0,39768.0,249539.0,5684.0,11058.0,2105.0,1070.0,924148.0,2020-07-06T00:00:00Z,122819.0,249539.0,2020-07-06T00:00:00Z,36279119,36277212,36277212,243,794,471602,41918,513520,a84c6500073dff80cf87308f8a876764e229c5f2
20200705,56,2890895,32872797,1885.0,38764.0,248745.0,5653.0,11010.0,2080.0,1064.0,902558.0,2020-07-05T00:00:00Z,122576.0,248745.0,2020-07-05T00:00:00Z,35765577,35763692,35763692,209,590,633339,45612,678951,e8fb83f9b4439d4cfd9aa046eea8a022c750cb08
20200704,56,2845283,32239458,2083.0,38146.0,248155.0,5633.0,10977.0,1982.0,1063.0,894325.0,2020-07-04T00:00:00Z,122367.0,248155.0,2020-07-04T00:00:00Z,35086824,35084741,35084741,306,871,577481,54338,631819,394348b4da950483dd60d074a7316defeda96619
20200703,56,2790945,31661977,2237.0,37798.0,247284.0,5597.0,10936.0,2049.0,1059.0,883561.0,2020-07-03T00:00:00Z,122061.0,247284.0,2020-07-03T00:00:00Z,34455159,34452922,34452922,598,1435,654043,53948,707991,a6e3e2844e96f457b6597c664485dd2c8eeab52c
20200702,56,2736997,31007934,2208.0,37500.0,245849.0,5626.0,10843.0,2105.0,1041.0,875127.0,2020-07-02T00:00:00Z,121463.0,245849.0,2020-07-02T00:00:00Z,33747139,33744931,33744931,695,2003,608354,54085,662439,f20073449d2efb985db78921551cdd27ce4e7056
20200701,56,2682912,30399580,2604.0,36405.0,243846.0,5512.0,10752.0,2098.0,1027.0,823151.0,2020-07-01T00:00:00Z,120768.0,243846.0,2020-07-01T00:00:00Z,33085096,33082492,33082492,701,1438,589398,50981,640379,001c9553dae256b7418fd3341e0e60d61ca471f6
20200630,56,2631931,29810182,2432.0,35248.0,242408.0,5424.0,10669.0,2044.0,1008.0,813788.0,2020-06-30T00:00:00Z,120067.0,242408.0,2020-06-30T00:00:00Z,32444545,32442113,32442113,596,1582,580152,47864,628016,39ef11031d84d9dc13c4fb2f49860368948d56ff
20200629,56,2584067,29230030,2194.0,33586.0,240826.0,5380.0,10542.0,2011.0,990.0,798360.0,2020-06-29T00:00:00Z,119471.0,240826.0,2020-06-29T00:00:00Z,31816291,31814097,31814097,332,670,615988,39813,655801,229db5705c8e24941167efb70af8fe62a4473025
20200628,56,2544254,28614042,2198.0,32476.0,240156.0,5248.0,10473.0,2077.0,983.0,778321.0,2020-06-28T00:00:00Z,119139.0,240156.0,2020-06-28T00:00:00Z,31160494,31158296,31158296,271,580,535806,41570,577376,f592f01e127e7d19a6b271b10df19205dda4af3e
20200627,56,2502684,28078236,2186.0,32483.0,239576.0,5315.0,10415.0,2159.0,977.0,772465.0,2020-06-27T00:00:00Z,118868.0,239576.0,2020-06-27T00:00:00Z,30583106,30580920,30580920,511,1057,555647,43164,598811,40a9436bd875871310ac6103e0b3422dde35f7b4
20200626,56,2459520,27522589,2201.0,31738.0,238519.0,5283.0,10334.0,2075.0,966.0,763966.0,2020-06-26T00:00:00Z,118357.0,238519.0,2020-06-26T00:00:00Z,29984310,29982109,29982109,637,1526,565494,44543,610037,e4ef645073b1e2eda5e58d8739be8e1eb560f88b
20200625,56,2414977,26957095,2133.0,31844.0,236993.0,5319.0,10257.0,2214.0,951.0,756719.0,2020-06-25T00:00:00Z,117720.0,236993.0,2020-06-25T00:00:00Z,29374205,29372072,29372072,647,1257,602693,39640,642333,4f487931f52d256b722358cc38d44fb779f10d8c
20200624,56,2375337,26354402,2049.0,31102.0,235736.0,5293.0,10173.0,2248.0,934.0,747565.0,2020-06-24T00:00:00Z,117073.0,235736.0,2020-06-24T00:00:00Z,28731788,28729739,28729739,724,1310,485049,39072,524121,d527d3179f7f38102c82bbc1170998ea66d2739a
20200623,56,2336265,25869353,1891.0,30235.0,234426.0,5402.0,10077.0,2293.0,918.0,738952.0,2020-06-23T00:00:00Z,116349.0,234426.0,2020-06-23T00:00:00Z,28207509,28205618,28205618,710,1257,469104,33447,502551,bcef4e5fef2b1e3ede021c22d5fef32192846ffe
20200622,56,2302818,25400249,2028.0,28799.0,233169.0,5323.0,10002.0,2299.0,909.0,731602.0,2020-06-22T00:00:00Z,115639.0,233169.0,2020-06-22T00:00:00Z,27705095,27703067,27703067,286,800,444089,27281,471370,5d996c6c5815278458eb7b1f6cf5e9c265cccb61
20200621,56,2275537,24956160,2084.0,28219.0,232369.0,5195.0,9944.0,2321.0,904.0,713537.0,2020-06-21T00:00:00Z,115353.0,232369.0,2020-06-21T00:00:00Z,27233781,27231697,27231697,294,514,496049,27928,523977,0774dbfeab04428f6942f2e5a5970bd5fd0622d5
20200620,56,2247609,24460111,2108.0,27967.0,231855.0,5229.0,9908.0,2380.0,888.0,708864.0,2020-06-20T00:00:00Z,115059.0,231855.0,2020-06-20T00:00:00Z,26709828,26707720,26707720,629,745,533304,32294,565598,f6e64e807baf819d309f0af844e690972af10af2
20200619,56,2215315,23926807,2032.0,28615.0,231110.0,5341.0,9876.0,2434.0,884.0,698119.0,2020-06-19T00:00:00Z,114430.0,231110.0,2020-06-19T00:00:00Z,26144154,26142122,26142122,655,1613,548107,31471,579578,4333a11e0aa616f1e04ba47351f86948a5280eec
20200618,56,2183844,23378700,1903.0,28414.0,229497.0,5465.0,9736.0,2520.0,869.0,690692.0,2020-06-18T00:00:00Z,113775.0,229497.0,2020-06-18T00:00:00Z,25564447,25562544,25562544,705,1040,491625,27746,519371,b6fd8f095bbaae261a43520b9a57491ec9cc1404
20200617,56,2156098,22887075,1745.0,28573.0,228457.0,5613.0,9665.0,2588.0,857.0,680916.0,2020-06-17T00:00:00Z,113070.0,228457.0,2020-06-17T00:00:00Z,25044918,25043173,25043173,767,1130,463168,24001,487169,5fab9e069369bdbf0dc57053e0bf5c37db54270c
20200616,56,2132097,22423907,1604.0,28270.0,227327.0,5570.0,9590.0,2594.0,845.0,672228.0,2020-06-16T00:00:00Z,112303.0,227327.0,2020-06-16T00:00:00Z,24557608,24556004,24556004,730,1301,442650,23497,466147,154b286a852b8e9b7146f5d6c887e53b92ba4e1c
20200615,56,2108600,21981257,1619.0,27867.0,226026.0,5703.0,9516.0,2640.0,835.0,665059.0,2020-06-15T00:00:00Z,111573.0,226026.0,2020-06-15T00:00:00Z,24091476,24089857,24089857,381,543,415390,18630,434020,fe04f3d3d23df52a10e5cf6057965ee832e6f0a1
20200614,56,2089970,21565867,1672.0,27893.0,225483.0,5749.0,9466.0,2716.0,834.0,650541.0,2020-06-14T00:00:00Z,111192.0,225483.0,2020-06-14T00:00:00Z,23657509,23655837,23655837,356,640,464154,21399,485553,9aa1069db6f64e3a5c853f9fb28c7fea8e3e5a8c
20200613,56,2068571,21101713,1698.0,28450.0,224843.0,5883.0,9430.0,2726.0,830.0,645331.0,2020-06-13T00:00:00Z,110836.0,224843.0,2020-06-13T00:00:00Z,23171982,23170284,23170284,694,1105,471388,25376,496764,437fe2c1e873809583d780a044b2d04b6b3e1cec
20200612,56,2043195,20630325,1783.0,29154.0,223738.0,6017.0,9373.0,2734.0,814.0,636111.0,2020-06-12T00:00:00Z,110142.0,223738.0,2020-06-12T00:00:00Z,22675303,22673520,22673520,775,1245,599972,23597,623569,99e19227e5882afbc98dcfcb48c23e36fe10f2a7
20200611,56,2019598,20030353,1816.0,29698.0,222493.0,6074.0,9295.0,2886.0,792.0,629017.0,2020-06-11T00:00:00Z,109367.0,222493.0,2020-06-11T00:00:00Z,22051767,22049951,22049951,899,1367,438062,22153,460215,754a63818ddc87e6bd0a27b05c89700b6c85309c
20200610,56,1997445,19592291,1737.0,30864.0,221126.0,6249.0,9225.0,3020.0,780.0,618125.0,2020-06-10T00:00:00Z,108468.0,221126.0,2020-06-10T00:00:00Z,21591473,21589736,21589736,887,1484,408971,20894,429865,c564cb23af3ce73a06d6546fe491c482dad79e07
20200609,56,1976551,19183320,1661.0,31183.0,219642.0,6457.0,9141.0,3090.0,771.0,609476.0,2020-06-09T00:00:00Z,107581.0,219642.0,2020-06-09T00:00:00Z,21161532,21159871,21159871,902,1527,404379,17312,421691,908767d8e532413b4f981ab39e80c4d6aff58194
20200608,56,1959239,18778941,1606.0,31202.0,218115.0,6402.0,9013.0,3240.0,762.0,603143.0,2020-06-08T00:00:00Z,106679.0,218115.0,2020-06-08T00:00:00Z,20739786,20738180,20738180,661,714,380221,17209,397430,ad38e92be0cd96a77028117e3da85b4c472fa2bf
20200607,56,1942030,18398720,1733.0,31408.0,217401.0,6501.0,8957.0,3298.0,753.0,590988.0,2020-06-07T00:00:00Z,106018.0,217401.0,2020-06-07T00:00:00Z,20342483,20340750,20340750,447,685,404383,18740,423123,66674756e831ab42b325c450259d16de3c3340d2
20200606,56,1923290,17994337,1796.0,31938.0,216716.0,6762.0,8920.0,3476.0,750.0,585470.0,2020-06-06T00:00:00Z,105571.0,216716.0,2020-06-06T00:00:00Z,19919423,19917627,19917627,728,1017,521778,23064,544842,f6ae8bdf041ad9de7fb841e82829953b86e6754a
20200605,56,1900226,17472559,1749.0,32451.0,215699.0,6920.0,8863.0,3523.0,740.0,576327.0,2020-06-05T00:00:00Z,104843.0,215699.0,2020-06-05T00:00:00Z,19374534,19372785,19372785,826,1440,484686,23400,508086,14299b92db8f5710c3c3c55c411c3ea1f2455db7
20200604,56,1876826,16987873,3474.0,32835.0,214259.0,7057.0,8787.0,3665.0,723.0,569623.0,2020-06-04T00:00:00Z,104017.0,214259.0,2020-06-04T00:00:00Z,18868173,18864699,18864699,893,-2841,441895,20880,462775,ba6d82bc93b7e2cbd5a6314cebfb73ba25a74e51
20200603,56,1855946,16545978,3556.0,33269.0,217100.0,7227.0,8688.0,3749.0,717.0,557366.0,2020-06-03T00:00:00Z,103124.0,217100.0,2020-06-03T00:00:00Z,18405480,18401924,18401924,993,2255,448319,20392,468711,03720da6571ccca363d4389b9e3dd5aeb3bddedf
20200602,56,1835554,16097659,4054.0,33933.0,214845.0,7407.0,8566.0,3852.0,710.0,541976.0,2020-06-02T00:00:00Z,102131.0,214845.0,2020-06-02T00:00:00Z,17937267,17933213,17933213,962,1585,400600,20110,420710,6d5a9ac952b41d4638d75101731fd017c4b84666
20200601,56,1815444,15697059,3455.0,34285.0,213260.0,7591.0,8485.0,3950.0,704.0,536339.0,2020-06-01T00:00:00Z,101169.0,213260.0,2020-06-01T00:00:00Z,17515958,17512503,17512503,668,2796,393669,20482,414151,cf21a7f0d585d1b1bbfd099eab6525e847b67e80
20200531,56,1794962,15303390,3270.0,34859.0,210464.0,7626.0,8445.0,3669.0,704.0,522866.0,2020-05-31T00:00:00Z,100501.0,210464.0,2020-05-31T00:00:00Z,17101622,17098352,17098352,652,976,375191,21558,396749,d5ed8539f54f547ce95a1a1440f5a22db3e4fda6
20200530,56,1773404,14928199,1668.0,35732.0,209488.0,7956.0,8305.0,4004.0,698.0,494569.0,2020-05-30T00:00:00Z,99849.0,209488.0,2020-05-30T00:00:00Z,16703271,16701603,16701603,932,1424,402861,23682,426543,8f0ee27b9f7a34ccf03137d4506c29081bf10c58
20200529,56,1749722,14525338,2978.0,36999.0,208064.0,8175.0,8235.0,4032.0,689.0,484554.0,2020-05-29T00:00:00Z,98917.0,208064.0,2020-05-29T00:00:00Z,16278038,16275060,16275060,1184,1715,465104,23574,488678,e101f1620f2c15fd5008e055da84d11494bb10eb
20200528,56,1726148,14060234,1906.0,38069.0,206349.0,8389.0,8109.0,4080.0,676.0,478099.0,2020-05-28T00:00:00Z,97733.0,206349.0,2020-05-28T00:00:00Z,15788288,15786382,15786382,1231,1630,413429,22630,436059,9c9f22e38259e659168b76c97598d519e56d728e
20200527,56,1703518,13646805,3132.0,38373.0,204719.0,8547.0,8015.0,4222.0,666.0,391508.0,2020-05-27T00:00:00Z,96502.0,204719.0,2020-05-27T00:00:00Z,15353455,15350323,15350323,1321,1713,290562,19437,309999,988508e3b7fb39c4f48cd35b5e8ea394007d9f51
20200526,56,1684081,13356243,1549.0,37779.0,203006.0,8585.0,7899.0,4215.0,650.0,384902.0,2020-05-26T00:00:00Z,95181.0,203006.0,2020-05-26T00:00:00Z,15041873,15040324,15040324,645,17320,291055,16830,307885,af99beca94a0acc8f298a8a85cd0e63894ff5651
20200525,56,1667251,13065188,3368.0,37650.0,185686.0,8472.0,7847.0,4237.0,642.0,379157.0,2020-05-25T00:00:00Z,94536.0,185686.0,2020-05-25T00:00:00Z,14735807,14732439,14732439,559,1002,404718,18691,423409,0b8726fdb21e89158ce5e3391768d2bed35e33e9
20200524,56,1648560,12660470,3860.0,37695.0,184684.0,8487.0,7801.0,4383.0,639.0,366736.0,2020-05-24T00:00:00Z,93977.0,184684.0,2020-05-24T00:00:00Z,14312890,14309030,14309030,680,921,361940,20047,381987,e982c0093d61707decb10c4d01bc538c39349a14
20200523,56,1628513,12298530,4084.0,38614.0,183763.0,8733.0,7770.0,4620.0,638.0,361239.0,2020-05-23T00:00:00Z,93297.0,183763.0,2020-05-23T00:00:00Z,13931127,13927043,13927043,1063,1378,369149,21531,390680,6ef5dc76d08c8256e96dbca9a21dc1fa1d81a800
20200522,56,1606982,11929381,3709.0,39989.0,182385.0,9048.0,7689.0,4716.0,633.0,350135.0,2020-05-22T00:00:00Z,92234.0,182385.0,2020-05-22T00:00:00Z,13540072,13536363,13536363,1341,4046,385791,24555,410346,aed67643d0e6b52fe091acee673ff2259edae3e3
20200521,56,1582427,11543590,3641.0,41191.0,178339.0,9090.0,7412.0,4868.0,616.0,298418.0,2020-05-21T00:00:00Z,90893.0,178339.0,2020-05-21T00:00:00Z,13129658,13126017,13126017,1394,4630,436275,26566,462841,7d17e70c69979377c8521fc2aa1dbe894180979a
20200520,56,1555861,11107315,2973.0,41762.0,173709.0,9522.0,7319.0,4911.0,613.0,294312.0,2020-05-20T00:00:00Z,89499.0,173709.0,2020-05-20T00:00:00Z,12666149,12663176,12663176,1399,1996,387243,21318,408561,c6d4aaf926f859614e3df22df5643a6763e51a2f
20200519,56,1534543,10720072,2944.0,41872.0,171713.0,9597.0,7217.0,5032.0,606.0,289484.0,2020-05-19T00:00:00Z,88100.0,171713.0,2020-05-19T00:00:00Z,12257559,12254615,12254615,1326,1597,381974,20899,402873,37fac10a239ca5f6f58deab82f06f637ab003941
20200518,56,1513644,10338098,3596.0,41748.0,170116.0,9755.0,7064.0,5257.0,602.0,283178.0,2020-05-18T00:00:00Z,86774.0,170116.0,2020-05-18T00:00:00Z,11855338,11851742,11851742,848,1157,335177,21016,356193,7994a88b8ee4c60ab87913d863a8de95cbab8c34
20200517,56,1492628,10002921,3449.0,41785.0,168959.0,9932.0,7003.0,5467.0,593.0,272265.0,2020-05-17T00:00:00Z,85926.0,168959.0,2020-05-17T00:00:00Z,11498998,11495549,11495549,849,1199,351570,20034,371604,852e2e1d1052046105477774fe23baf2531aca04
20200516,56,1472594,9651351,3788.0,43396.0,167760.0,10277.0,6945.0,5529.0,592.0,268376.0,2020-05-16T00:00:00Z,85077.0,167760.0,2020-05-16T00:00:00Z,11127733,11123945,11123945,988,1856,338158,24678,362836,5a9d569e07206f3a24602c0885b7ed172ef491b5
20200515,56,1447916,9313193,2457.0,44491.0,165904.0,10472.0,6890.0,5746.0,589.0,250747.0,2020-05-15T00:00:00Z,84089.0,165904.0,2020-05-15T00:00:00Z,10763566,10761109,10761109,1507,1353,334713,24684,359397,255ef35b55e7e9faa051741f3c0e8c2def0b1302
20200514,56,1423232,8978480,2673.0,45790.0,164551.0,10656.0,6795.0,5940.0,582.0,246414.0,2020-05-14T00:00:00Z,82582.0,164551.0,2020-05-14T00:00:00Z,10404385,10401712,10401712,1880,3206,338711,26798,365509,92c5f560a0da3c8328a1d83d012e094abd4d56e7
20200513,56,1396434,8639769,1983.0,46926.0,161345.0,10978.0,6713.0,6156.0,572.0,243430.0,2020-05-13T00:00:00Z,80702.0,161345.0,2020-05-13T00:00:00Z,10038186,10036203,10036203,1704,1809,299164,21272,320436,4345580f1097c2c7a62d6af6ebe89b133490cd1b
20200512,56,1375162,8340605,1803.0,47596.0,159536.0,11241.0,5595.0,6352.0,559.0,238857.0,2020-05-12T00:00:00Z,78998.0,159536.0,2020-05-12T00:00:00Z,9717570,9715767,9715767,1486,1579,286983,22701,309684,eb440d54ed95410a8176871e5e5cb3ae62af2b13
20200511,56,1352461,8053622,1989.0,46552.0,157957.0,11147.0,6488.0,6350.0,551.0,232142.0,2020-05-11T00:00:00Z,77512.0,157957.0,2020-05-11T00:00:00Z,9408072,9406083,9406083,892,1238,365238,18239,383477,6e9d764e8df0742670a8fbe9ef89c714a4041b2f
20200510,56,1334222,7688384,3095.0,47163.0,156719.0,11393.0,6445.0,6395.0,547.0,215591.0,2020-05-10T00:00:00Z,76620.0,156719.0,2020-05-10T00:00:00Z,9025701,9022606,9022606,1036,1055,245353,21391,266744,cb40fed825feb5ee2d8284ce57b06a7276fc39c0
20200509,56,1312831,7443031,3054.0,48768.0,155664.0,11496.0,6367.0,6551.0,543.0,211976.0,2020-05-09T00:00:00Z,75584.0,155664.0,2020-05-09T00:00:00Z,8758916,8755862,8755862,1445,1708,267236,24788,292024,4ad319d11c377e29c3381a20611d997343d9d986
20200508,56,1288043,7175795,3307.0,49992.0,153956.0,11780.0,6294.0,6788.0,531.0,198459.0,2020-05-08T00:00:00Z,74139.0,153956.0,2020-05-08T00:00:00Z,8467145,8463838,8463838,1798,6892,271123,27647,298770,a073807bf9a42e358f24513e2218241168ac3b02
20200507,56,1260396,6904672,3171.0,51683.0,147064.0,12137.0,5174.0,7070.0,529.0,194528.0,2020-05-07T00:00:00Z,72341.0,147064.0,2020-05-07T00:00:00Z,8168239,8165068,8165068,2752,3742,275015,27560,302575,eb954d1dfafa0645219dcc9aae8498c493d2a51d
20200506,56,1232836,6629657,2742.0,52773.0,143322.0,12478.0,4911.0,4753.0,449.0,189425.0,2020-05-06T00:00:00Z,69589.0,143322.0,2020-05-06T00:00:00Z,7865235,7862493,7862493,1950,2119,220849,25096,245945,411d9477c56c683eea5a9dbb874dfe0cd8c487af
20200505,56,1207740,6408808,2633.0,53455.0,141203.0,12629.0,4794.0,4818.0,439.0,189336.0,2020-05-05T00:00:00Z,67639.0,141203.0,2020-05-05T00:00:00Z,7619181,7616548,7616548,2452,1983,250081,22446,272527,ca8bb8c741913a551dd8fb9b2e3d95c19535f551
20200504,56,1185294,6158727,2791.0,52634.0,139220.0,12696.0,4579.0,4848.0,430.0,186752.0,2020-05-04T00:00:00Z,65187.0,139220.0,2020-05-04T00:00:00Z,7346812,7344021,7344021,1035,1651,209668,22646,232314,db325338dd0497af0f5429cf1d4f3b84ffe0cd41
20200503,56,1162648,5949059,2812.0,52857.0,137569.0,12722.0,4502.0,4761.0,425.0,179733.0,2020-05-03T00:00:00Z,64152.0,137569.0,2020-05-03T00:00:00Z,7114519,7111707,7111707,1231,1963,211117,25707,236824,3fb1a3eb73037dc7fe0e9ee09b4170d6028a6631
20200502,56,1136941,5737942,1578.0,54278.0,135606.0,12904.0,4386.0,4845.0,375.0,174987.0,2020-05-02T00:00:00Z,62921.0,135606.0,2020-05-02T00:00:00Z,6876461,6874883,6874883,1564,2031,218321,29148,247469,cc8787423429be56479fe577d0c815bcc45cc9eb
20200501,56,1107793,5519621,1639.0,55122.0,133575.0,12845.0,4300.0,4707.0,376.0,163644.0,2020-05-01T00:00:00Z,61357.0,133575.0,2020-05-01T00:00:00Z,6629053,6627414,6627414,1777,9789,263100,33029,296129,d6ea4f79d8f2e14a4e32a72131f2f1054e103290
20200430,56,1074764,5256521,2775.0,55114.0,123786.0,13255.0,4192.0,4712.0,373.0,154648.0,2020-04-30T00:00:00Z,59580.0,123786.0,2020-04-30T00:00:00Z,6334060,6331285,6331285,2140,2290,203903,29549,233452,cb9b828cd51b47e55526381d245e85ea951366fc
20200429,56,1045215,5052618,4832.0,56206.0,121496.0,13535.0,4093.0,4796.0,365.0,147165.0,2020-04-29T00:00:00Z,57440.0,121496.0,2020-04-29T00:00:00Z,6102665,6097833,6097833,2713,3415,212653,26725,239378,b3e7200c1b637b1eb8584588e1662051d9c102bb
20200428,56,1018490,4839965,4206.0,56255.0,118081.0,13562.0,3798.0,4760.0,195.0,139041.0,2020-04-28T00:00:00Z,54727.0,118081.0,2020-04-28T00:00:00Z,5862661,5858455,5858455,2072,2079,181953,25282,207235,999763bd5962dcb828676dfe2ffdcf0b1df3726e
20200427,56,993208,4658012,4077.0,56191.0,116002.0,13812.0,3720.0,4867.0,195.0,121323.0,2020-04-27T00:00:00Z,52655.0,116002.0,2020-04-27T00:00:00Z,5655297,5651220,5651220,1270,3076,173380,22700,196080,263ea3f40df9526aa88d38a84306f0e51d4dcc7f
20200426,56,970508,4484632,4445.0,56186.0,112926.0,14099.0,2571.0,5121.0,227.0,116529.0,2020-04-26T00:00:00Z,51385.0,112926.0,2020-04-26T00:00:00Z,5459585,5455140,5455140,1214,2192,179284,27311,206595,ea1542909e027c1618cbc8fa53799754b83a5e03
20200425,56,943197,4305348,5315.0,57377.0,110734.0,14414.0,2516.0,5266.0,227.0,112539.0,2020-04-25T00:00:00Z,50171.0,110734.0,2020-04-25T00:00:00Z,5253860,5248545,5248545,1748,2456,240717,35871,276588,23016e19d95cf1dfe596ce8b3a50894832978c2a
20200424,56,907326,4064631,4396.0,57300.0,108278.0,14602.0,2468.0,5187.0,227.0,101296.0,2020-04-24T00:00:00Z,48423.0,108278.0,2020-04-24T00:00:00Z,4976353,4971957,4971957,1895,2338,202285,34238,236523,933bff0142504b2b0806a2c2b91e31c35fa13078
20200423,56,873088,3862346,4258.0,58989.0,105940.0,14744.0,2428.0,5464.0,227.0,96921.0,2020-04-23T00:00:00Z,46528.0,105940.0,2020-04-23T00:00:00Z,4739692,4735434,4735434,1791,2802,161630,31807,193437,3ca8c66e2e8f5ef38f4209a314b5bdb121dd6461
20200422,56,841281,3700716,4191.0,59205.0,103138.0,15015.0,2370.0,5474.0,227.0,92978.0,2020-04-22T00:00:00Z,44737.0,103138.0,2020-04-22T00:00:00Z,4546188,4541997,4541997,2098,3087,295229,28955,324184,fdd80678ab1fc25c3df80b867539174ae2bcd9b0
20200421,56,812326,3405487,3956.0,59780.0,100051.0,14941.0,2315.0,5514.0,214.0,72842.0,2020-04-21T00:00:00Z,42639.0,100051.0,2020-04-21T00:00:00Z,4221769,4217813,4217813,2467,2682,127063,26361,153424,a7dc2be0aee5dd7ac8678771d80e11799cb4ade5
20200420,56,785965,3278424,4037.0,56783.0,97369.0,14489.0,2193.0,5567.0,214.0,69493.0,2020-04-20T00:00:00Z,40172.0,97369.0,2020-04-20T00:00:00Z,4068426,4064389,4064389,1798,2211,120369,25899,146268,560980a9ea0de6e9724e6f57a03f1c70766152b0
20200419,56,760066,3158055,11324.0,56526.0,95158.0,14410.0,2145.0,5603.0,214.0,67205.0,2020-04-19T00:00:00Z,38374.0,95158.0,2020-04-19T00:00:00Z,3929445,3918121,3918121,1772,2239,126832,27387,154219,1fc9c2a98484f476799c9043ddba872440644a0c
20200418,56,732679,3031223,9906.0,57761.0,92919.0,14768.0,2096.0,5729.0,205.0,62840.0,2020-04-18T00:00:00Z,36602.0,92919.0,2020-04-18T00:00:00Z,3773808,3763902,3763902,1893,3563,118251,27906,146157,22b41490f06a563f42ea095067a82d423a4f6af1
20200417,56,704773,2912972,10889.0,58895.0,89356.0,14890.0,2052.0,6096.0,148.0,53533.0,2020-04-17T00:00:00Z,34709.0,89356.0,2020-04-17T00:00:00Z,3628634,3617745,3617745,2120,3405,127342,32013,159355,8ced12801ff695209c3781d131eb23f32fcc5ccf
20200416,56,672760,2785630,16927.0,59499.0,85951.0,15130.0,1834.0,5940.0,137.0,48851.0,2020-04-16T00:00:00Z,32589.0,85951.0,2020-04-16T00:00:00Z,3475317,3458390,3458390,2200,3071,133173,30979,164152,c25f5dca2d9b3a77292fa794414e1283851cc123
20200415,56,641781,2652457,16901.0,59940.0,82880.0,14647.0,1783.0,6032.0,223.0,43435.0,2020-04-15T00:00:00Z,30389.0,82880.0,2020-04-15T00:00:00Z,3311139,3294238,3294238,2544,4434,107024,30309,137333,3aca08895d41f43014587cfc7739f8582d3925dc
20200414,56,611472,2545433,16615.0,59601.0,78446.0,14039.0,1715.0,5975.0,221.0,39268.0,2020-04-14T00:00:00Z,27845.0,78446.0,2020-04-14T00:00:00Z,3173520,3156905,3156905,2336,3282,126412,25709,152121,faa2ecec8c5796745c8c28bdcb910c61fab17475
20200413,56,585763,2419021,17159.0,56195.0,75164.0,13632.0,1628.0,6168.0,210.0,35372.0,2020-04-13T00:00:00Z,25509.0,75164.0,2020-04-13T00:00:00Z,3021943,3004784,3004784,1644,4285,109349,25200,134549,5e98bb24cdfff2a85ae08bcd0b9a224d1b1d0699
20200412,56,560563,2309672,16419.0,55426.0,70879.0,13623.0,1455.0,5986.0,160.0,34081.0,2020-04-12T00:00:00Z,23865.0,70879.0,2020-04-12T00:00:00Z,2886654,2870235,2870235,1703,3288,111204,27763,138967,4d457b77f365f58f96af55b66cbd159d1d3acc2d
20200411,56,532800,2198468,16593.0,55572.0,67591.0,13280.0,1405.0,5978.0,154.0,31567.0,2020-04-11T00:00:00Z,22162.0,67591.0,2020-04-11T00:00:00Z,2747861,2731268,2731268,2055,2825,106592,30506,137098,199ab4b6100e2749d7a47d9f9043988f100dced5
20200410,56,502294,2091876,17435.0,52723.0,64766.0,12698.0,1185.0,5937.0,41.0,28997.0,2020-04-10T00:00:00Z,20107.0,64766.0,2020-04-10T00:00:00Z,2611605,2594170,2594170,2108,4934,124192,34383,158575,d0822d8a82e25361a8742bd8da94e9e11ae73d9b
20200409,56,467911,1967684,17622.0,50859.0,59832.0,12254.0,924.0,5794.0,39.0,24819.0,2020-04-09T00:00:00Z,17999.0,59832.0,2020-04-09T00:00:00Z,2453217,2435595,2435595,2043,3923,136748,34495,171243,4f4811f71616a45f0c0e16e2ad41cd61f49f841a
20200408,56,433416,1830936,17219.0,45141.0,55909.0,10180.0,1013.0,4131.0,216.0,21102.0,2020-04-08T00:00:00Z,15956.0,55909.0,2020-04-08T00:00:00Z,2281571,2264352,2264352,2010,4311,117154,30595,147749,d49636cba5a009e2af8ac1ff165c39927cf0d8ef
20200407,56,402821,1713782,16548.0,43465.0,51598.0,9821.0,889.0,4076.0,151.0,18443.0,2020-04-07T00:00:00Z,13946.0,51598.0,2020-04-07T00:00:00Z,2133151,2116603,2116603,2024,2981,123604,30885,154489,ccaae9900fa293c7103c1a462709d579afdeee2d
20200406,56,371936,1590178,17283.0,35856.0,48617.0,6943.0,814.0,2961.0,147.0,16554.0,2020-04-06T00:00:00Z,11922.0,48617.0,2020-04-06T00:00:00Z,1979397,1962114,1962114,1318,2946,123253,29002,152255,7bdb492c4a9f53578172bc31bd36dbaddf8b8c93
20200405,56,342934,1466925,17303.0,31875.0,45671.0,5677.0,760.0,652.0,147.0,14513.0,2020-04-05T00:00:00Z,10604.0,45671.0,2020-04-05T00:00:00Z,1827162,1809859,1809859,1340,3903,94299,25500,119799,bab3b241ba234c98db9c86117a90162721f402d0
20200404,56,317434,1372626,15569.0,29987.0,41768.0,5383.0,554.0,656.0,147.0,12816.0,2020-04-04T00:00:00Z,9264.0,41768.0,2020-04-04T00:00:00Z,1705629,1690060,1690060,1482,5086,196066,33212,229278,f782ccc7f29b57173f5bfd5499a0ad1495775e6a
20200403,56,284222,1176560,61976.0,25472.0,36682.0,4811.0,486.0,605.0,147.0,10861.0,2020-04-03T00:00:00Z,7782.0,36682.0,2020-04-03T00:00:00Z,1522758,1460782,1460782,1286,4554,101013,32076,133089,e22d16fde28e0223655503542173bce0a8f19bac
20200402,56,252146,1075547,62097.0,22764.0,32128.0,4410.0,456.0,574.0,140.0,8586.0,2020-04-02T00:00:00Z,6496.0,32128.0,2020-04-02T00:00:00Z,1389790,1327693,1327693,1172,4175,91058,28060,119118,aaff599a781f9607c2ba9f0c7f77ccfa6006a2d5
20200401,56,224086,984489,59665.0,20775.0,27953.0,3937.0,407.0,561.0,140.0,7084.0,2020-04-01T00:00:00Z,5324.0,27953.0,2020-04-01T00:00:00Z,1268240,1208575,1208575,1010,4228,82981,25791,108772,b3829badb8e9f8652d970e37b5ce9e93d24d8558
20200331,56,198295,901508,59518.0,18082.0,23725.0,3487.0,236.0,507.0,,5666.0,2020-03-31T00:00:00Z,4314.0,23725.0,2020-03-31T00:00:00Z,1159321,1099803,1099803,890,3906,87657,24853,112510,c2ae63d52663b5dcc9409a81fa41cb39f36333f3
20200330,56,173442,813851,65369.0,15772.0,19819.0,3087.0,187.0,451.0,,4560.0,2020-03-30T00:00:00Z,3424.0,19819.0,2020-03-30T00:00:00Z,1052662,987293,987293,589,2536,96706,22042,118748,82550db2c4984a2faaa0fcaf589d763d033addcb
20200329,56,151400,717145,65545.0,14026.0,17283.0,2456.0,156.0,439.0,,4052.0,2020-03-29T00:00:00Z,2835.0,17283.0,2020-03-29T00:00:00Z,934090,868545,868545,521,2775,68187,19581,87768,d3635e8042c627e28043d159464b2bb933e9f3b7
20200328,56,131819,648958,65709.0,12350.0,14508.0,2174.0,140.0,390.0,,3143.0,2020-03-28T00:00:00Z,2314.0,14508.0,2020-03-28T00:00:00Z,846486,780777,780777,538,2425,87375,19692,107067,47291433bc63b24ff8932247abdf3da2e9cc13f4
20200327,56,112127,561583,60091.0,10932.0,12083.0,1792.0,124.0,324.0,,2418.0,2020-03-27T00:00:00Z,1776.0,12083.0,2020-03-27T00:00:00Z,733801,673710,673710,406,2563,83781,19128,102909,20e6d58a17e608a03e46b24b4a01311b3ee6ce1e
20200326,56,92999,477802,60251.0,7757.0,9520.0,1299.0,91.0,258.0,,97.0,2020-03-26T00:00:00Z,1370.0,9520.0,2020-03-26T00:00:00Z,631052,570801,570801,320,2499,84311,17720,102031,7ffadc86d5ba9a725acbe621555f32b1f86308a2
20200325,56,75279,393491,51235.0,5062.0,7021.0,,74.0,167.0,,146.0,2020-03-25T00:00:00Z,1050.0,7021.0,2020-03-25T00:00:00Z,520005,468770,468770,235,1904,71728,12908,84636,2e7da6b2900e763fbd6883d8b6df72f2a97af178
20200324,56,62371,321763,14433.0,3902.0,5117.0,,,,,,2020-03-24T00:00:00Z,815.0,5117.0,2020-03-24T00:00:00Z,398567,384134,384134,234,1180,58695,10769,69464,a5d4220360d1c015325abb76b9761b5c1a2d69ec
20200323,56,51602,263068,14571.0,2770.0,3937.0,,,,,,2020-03-23T00:00:00Z,581.0,3937.0,2020-03-23T00:00:00Z,329241,314670,314670,101,914,46894,11439,58333,f61f0d58535ac0c8011abaa6e11e53e9ad8b003f
20200322,56,40163,216174,2842.0,2155.0,3023.0,,,,,,2020-03-22T00:00:00Z,480.0,3023.0,2020-03-22T00:00:00Z,259179,256337,256337,146,1003,36456,9125,45581,167069e48fe00c384394679ad0fa225f42e80a69
20200321,56,31038,179718,3468.0,1436.0,2020.0,,,,,,2020-03-21T00:00:00Z,334.0,2020.0,2020-03-21T00:00:00Z,214224,210756,210756,62,1912,38628,6793,45421,4b8e97a8a431ecdfda932289989c19d9640d5ba6
20200320,56,24245,141090,3330.0,1042.0,108.0,,,,,,2020-03-20T00:00:00Z,272.0,108.0,2020-03-20T00:00:00Z,168665,165335,165335,69,23,30568,6147,36715,516a6ee00503b11ada5bf43e828220515c67eb96
20200319,56,18098,110522,3016.0,617.0,85.0,,,,,,2020-03-19T00:00:00Z,203.0,85.0,2020-03-19T00:00:00Z,131636,128620,128620,48,18,23323,4651,27974,ab3e4b905e8d4913a278a24a0c68bedba0b58a49
20200318,56,13447,87199,2526.0,416.0,67.0,,,,,,2020-03-18T00:00:00Z,155.0,67.0,2020-03-18T00:00:00Z,103172,100646,100646,32,12,22068,3089,25157,d3ba75c770f84224ac8f3187195d0938f93e96c8
20200317,56,10358,65131,1687.0,325.0,55.0,,,,,,2020-03-17T00:00:00Z,123.0,55.0,2020-03-17T00:00:00Z,77176,75489,75489,23,13,13945,3550,17495,e7313273e9498fb541694dc6ca72ba355f03ddf1
20200316,56,6808,51186,1691.0,,42.0,,,,,,2020-03-16T00:00:00Z,100.0,42.0,2020-03-16T00:00:00Z,59685,57994,57994,21,6,16525,1494,18019,8a9aa23e5f73a92b944cde9bea327eb1efd9ce8b
20200315,51,5314,34661,2242.0,,36.0,,,,,,2020-03-15T00:00:00Z,79.0,36.0,2020-03-15T00:00:00Z,42217,39975,39975,15,10,6553,1115,7668,f5c9c0639a58f38c63fed9383fd101f13e8b935c
20200314,51,4199,28108,1236.0,,26.0,,,,,,2020-03-14T00:00:00Z,64.0,26.0,2020-03-14T00:00:00Z,33543,32307,32307,9,4,3852,808,4660,3b5b13e640c498a61e14793a338264f7247f2879
20200313,51,3391,24256,1130.0,,22.0,,,,,,2020-03-13T00:00:00Z,55.0,22.0,2020-03-13T00:00:00Z,28777,27647,27647,4,6,8318,951,9269,6783a23fc71cf29a0229db20fca5163232da35a0
20200312,51,2440,15938,673.0,,16.0,,,,,,2020-03-12T00:00:00Z,51.0,16.0,2020-03-12T00:00:00Z,19051,18378,18378,8,5,4750,606,5356,1451f36feac5f9184c2b7ad6e7dbbdda2f242741
20200311,51,1834,11188,563.0,,11.0,,,,,,2020-03-11T00:00:00Z,43.0,11.0,2020-03-11T00:00:00Z,13585,13022,13022,6,3,3421,449,3870,89251cf6a16d5c512022f9b43b83813d267e23a6
20200310,51,1385,7767,469.0,,8.0,,,,,,2020-03-10T00:00:00Z,37.0,8.0,2020-03-10T00:00:00Z,9621,9152,9152,2,0,2184,335,2519,006f4796fe79b2fe4a0f6544ccd38203dec516f0
20200309,51,1050,5583,313.0,,8.0,,,,,,2020-03-09T00:00:00Z,35.0,8.0,2020-03-09T00:00:00Z,6946,6633,6633,4,2,1534,257,1791,be650c97bfdeff9c8defd5a42c0423bf4fa24d0a
20200308,51,793,4049,347.0,,6.0,,,,,,2020-03-08T00:00:00Z,31.0,6.0,2020-03-08T00:00:00Z,5189,4842,4842,4,0,716,175,891,513f84e311b252394c2a6f1335362b15edf917ba
20200307,51,618,3333,602.0,,6.0,,,,,,2020-03-07T00:00:00Z,27.0,6.0,2020-03-07T00:00:00Z,4553,3951,3951,1,0,661,160,821,cd118b406b27fa2c14fedf51a8bc4606667ce2d1
20200306,37,458,2672,458.0,,6.0,,,,,,2020-03-06T00:00:00Z,26.0,6.0,2020-03-06T00:00:00Z,3588,3130,3130,6,1,723,100,823,815f9b6a0bbc0ec9e3fdcba00c7437a3429eb028
20200305,25,358,1949,197.0,,5.0,,,,,,2020-03-05T00:00:00Z,20.0,5.0,2020-03-05T00:00:00Z,2504,2307,2307,4,1,532,99,631,97c301d16d60e86e9c23437b2094fb5a33ff6424
20200304,18,259,1417,103.0,,4.0,,,,,,2020-03-04T00:00:00Z,16.0,4.0,2020-03-04T00:00:00Z,1779,1676,1676,2,4,971,133,1104,a0c1db244272352b4267a9666ee35a1831672731
20200303,6,126,446,,,,,,,,,2020-03-03T00:00:00Z,14.0,,2020-03-03T00:00:00Z,572,572,572,3,0,203,41,244,843f99203fe8e103e33be57dcdf8ce42cf9bc97c
20200302,6,85,243,,,,,,,,,2020-03-02T00:00:00Z,11.0,,2020-03-02T00:00:00Z,328,328,328,3,0,158,40,198,0dbf0f7f44027f3502bac3535542a5e437a9081a
20200301,6,45,85,,,,,,,,,2020-03-01T00:00:00Z,8.0,,2020-03-01T00:00:00Z,130,130,130,3,0,61,27,88,018bc6d00fd64a77414f423a82714017e60f967d
20200229,4,18,24,,,,,,,,,2020-02-29T00:00:00Z,5.0,,2020-02-29T00:00:00Z,42,42,42,1,0,24,18,42,e8bfe9db6d823a5eb909810abef9887d2fbb9898
20200228,4,0,0,,,,,,,,,2020-02-28T00:00:00Z,4.0,,2020-02-28T00:00:00Z,0,0,0,2,0,0,0,0,e32d96910062fcdd632e72d59dd6218420709f43
20200227,4,0,0,,,,,,,,,2020-02-27T00:00:00Z,2.0,,2020-02-27T00:00:00Z,0,0,0,0,0,0,0,0,7a6b9c55e5b2e48605fbbb652ed9d8f6ce0c516f
20200226,3,0,0,,,,,,,,,2020-02-26T00:00:00Z,2.0,,2020-02-26T00:00:00Z,0,0,0,2,0,0,0,0,7fd18cfd695b3876452a4759c07cd74b431c70c1
20200225,3,0,0,,,,,,,,,2020-02-25T00:00:00Z,0.0,,2020-02-25T00:00:00Z,0,0,0,0,0,0,0,0,546df3c71998c4cf4188373d077f4cedc6933d9a
20200224,3,0,0,,,,,,,,,2020-02-24T00:00:00Z,0.0,,2020-02-24T00:00:00Z,0,0,0,0,0,0,0,0,892a45536b84803c54018d56c49b4613372218e7
20200223,3,0,0,,,,,,,,,2020-02-23T00:00:00Z,0.0,,2020-02-23T00:00:00Z,0,0,0,0,0,0,0,0,f1629457f5b903efc056266d3a003a077fe44425
20200222,3,0,0,,,,,,,,,2020-02-22T00:00:00Z,0.0,,2020-02-22T00:00:00Z,0,0,0,0,0,0,0,0,4df67d2b63bed863d76d69d00698ebdcdc31b3f3
20200221,3,0,0,,,,,,,,,2020-02-21T00:00:00Z,0.0,,2020-02-21T00:00:00Z,0,0,0,0,0,0,0,0,7f0ac856ef16728ed819d4e3b659102c49f6e43a
20200220,3,0,0,,,,,,,,,2020-02-20T00:00:00Z,0.0,,2020-02-20T00:00:00Z,0,0,0,0,0,0,0,0,1a9852cb7d8d92b28347aab35eb5606e372cadd5
20200219,3,0,0,,,,,,,,,2020-02-19T00:00:00Z,0.0,,2020-02-19T00:00:00Z,0,0,0,0,0,0,0,0,2c972a64785dd342fbad97e1f5cd9a407c7ac107
20200218,3,0,0,,,,,,,,,2020-02-18T00:00:00Z,0.0,,2020-02-18T00:00:00Z,0,0,0,0,0,0,0,0,b9771c64ca39cb7675bfcdd2c13a4f720f069aba
20200217,3,0,0,,,,,,,,,2020-02-17T00:00:00Z,0.0,,2020-02-17T00:00:00Z,0,0,0,0,0,0,0,0,821066754b993d15d0e3bd05685c12a7cfe5cb90
20200216,3,0,0,,,,,,,,,2020-02-16T00:00:00Z,0.0,,2020-02-16T00:00:00Z,0,0,0,0,0,0,0,0,d1632c4c6ea11aa1d09af42a855d36db099d88c4
20200215,3,0,0,,,,,,,,,2020-02-15T00:00:00Z,0.0,,2020-02-15T00:00:00Z,0,0,0,0,0,0,0,0,2dc9b940ebd2554cd84851a061392a921bbeb8fe
20200214,3,0,0,,,,,,,,,2020-02-14T00:00:00Z,0.0,,2020-02-14T00:00:00Z,0,0,0,0,0,0,0,0,214f6ca03432d7f44929bddd86d47bd61a2e1d7e
20200213,3,0,0,,,,,,,,,2020-02-13T00:00:00Z,0.0,,2020-02-13T00:00:00Z,0,0,0,0,0,0,0,0,399329390bce10053bffcf0d122965a19a3a93a9
20200212,3,0,0,,,,,,,,,2020-02-12T00:00:00Z,0.0,,2020-02-12T00:00:00Z,0,0,0,0,0,0,0,0,68df6880bf30101ac41e4b6a21dbd8787c7d4a71
20200211,3,0,0,,,,,,,,,2020-02-11T00:00:00Z,0.0,,2020-02-11T00:00:00Z,0,0,0,0,0,0,0,0,dd890414f05d64e4fbc01124e0964c9b5b8a1af3
20200210,3,0,0,,,,,,,,,2020-02-10T00:00:00Z,0.0,,2020-02-10T00:00:00Z,0,0,0,0,0,0,0,0,5c4dde7942c1a28345dc78492e2a9c5afd52cc62
20200209,2,0,0,,,,,,,,,2020-02-09T00:00:00Z,,,2020-02-09T00:00:00Z,0,0,0,0,0,0,0,0,69ce4ee6b68fbf3c0eea00424415f9af7f342956
20200208,2,0,0,,,,,,,,,2020-02-08T00:00:00Z,,,2020-02-08T00:00:00Z,0,0,0,0,0,0,0,0,435f978d8dea79d19330ac9edb3f96fde50953df
20200207,2,0,0,,,,,,,,,2020-02-07T00:00:00Z,,,2020-02-07T00:00:00Z,0,0,0,0,0,0,0,0,98d1490aa9817eb65d40f5ae6b09b3f58ff7d9ce
20200206,2,0,0,,,,,,,,,2020-02-06T00:00:00Z,,,2020-02-06T00:00:00Z,0,0,0,0,0,0,0,0,6424ce9e48ad97b680db81aa6c0d06c09a473f69
20200205,2,0,0,,,,,,,,,2020-02-05T00:00:00Z,,,2020-02-05T00:00:00Z,0,0,0,0,0,0,0,0,9a8c8b7eac1d419c7aa04a84bc9bc7ec0bb92da7
20200204,2,0,0,,,,,,,,,2020-02-04T00:00:00Z,,,2020-02-04T00:00:00Z,0,0,0,0,0,0,0,0,16c916bcaa18b0aa6f02f6c97718e50c5443cd9c
20200203,2,0,0,,,,,,,,,2020-02-03T00:00:00Z,,,2020-02-03T00:00:00Z,0,0,0,0,0,0,0,0,c542f7ad74541b08270d6925274eece2c4f79334
20200202,2,0,0,,,,,,,,,2020-02-02T00:00:00Z,,,2020-02-02T00:00:00Z,0,0,0,0,0,0,0,0,a1dd021af3e12d2a218df294663d03bdd573a330
20200201,2,0,0,,,,,,,,,2020-02-01T00:00:00Z,,,2020-02-01T00:00:00Z,0,0,0,0,0,0,0,0,10c29665184670bf22ba060ebb5650e298a6d1b8
20200131,2,0,0,,,,,,,,,2020-01-31T00:00:00Z,,,2020-01-31T00:00:00Z,0,0,0,0,0,0,0,0,529c83fead59f5b26a9898ce39996851806f9a2f
20200130,2,0,0,,,,,,,,,2020-01-30T00:00:00Z,,,2020-01-30T00:00:00Z,0,0,0,0,0,0,0,0,82859b598bd6e9643d8dc3b69b99d74c4f061282
20200129,2,0,0,,,,,,,,,2020-01-29T00:00:00Z,,,2020-01-29T00:00:00Z,0,0,0,0,0,0,0,0,5829b18554ba8cfdd449dcdf8a767aaf8af806b2
20200128,2,0,0,,,,,,,,,2020-01-28T00:00:00Z,,,2020-01-28T00:00:00Z,0,0,0,0,0,0,0,0,1e004b11f0e9c340d0e206a5e168b5ac2c154421
20200127,2,0,0,,,,,,,,,2020-01-27T00:00:00Z,,,2020-01-27T00:00:00Z,0,0,0,0,0,0,0,0,0dbe12f64745ae2d9e59003e934d50c66164fff3
20200126,2,0,0,,,,,,,,,2020-01-26T00:00:00Z,,,2020-01-26T00:00:00Z,0,0,0,0,0,0,0,0,acd8dfc63d3542d3d579778290d4601b2433e48c
20200125,2,0,0,,,,,,,,,2020-01-25T00:00:00Z,,,2020-01-25T00:00:00Z,0,0,0,0,0,0,0,0,e90258fa02cb55fd9357b389669ed1940e381bbd
20200124,2,0,0,,,,,,,,,2020-01-24T00:00:00Z,,,2020-01-24T00:00:00Z,0,0,0,0,0,0,0,0,babd004bb329a35eea647d8b431604c1a9ea2f97
20200123,2,0,0,,,,,,,,,2020-01-23T00:00:00Z,,,2020-01-23T00:00:00Z,0,0,0,0,0,0,0,0,d9b1df660fd87df4ddc10fd71d5d024e1080fe06
20200122,2,0,0,,,,,,,,,2020-01-22T00:00:00Z,,,2020-01-22T00:00:00Z,0,0,0,0,0,0,0,0,6955b9b8d895cdd26f91da2aedc369265b908816
